{
    "Logistic Regression": {
      "0": {
        "precision": 0.8346415182755389,
        "recall": 0.6890565307800184,
        "f1-score": 0.7548939100950968,
        "support": 20679
      },
      "1": {
        "precision": 0.9627209638051286,
        "recall": 0.983283592695232,
        "f1-score": 0.9728936398337233,
        "support": 168876
      },
      "accuracy": 0.9511856717047823,
      "macro avg": {
        "precision": 0.8986812410403338,
        "recall": 0.8361700617376252,
        "f1-score": 0.86389377496441,
        "support": 189555
      },
      "weighted avg": {
        "precision": 0.9487484763787543,
        "recall": 0.9511856717047823,
        "f1-score": 0.9491115374820837,
        "support": 189555
      }
    },
    "Naive Bayes": {
      "0": {
        "precision": 0.9289878113407525,
        "recall": 0.25431597272595385,
        "f1-score": 0.39931662870159457,
        "support": 20679
      },
      "1": {
        "precision": 0.916147345753532,
        "recall": 0.9976195551765793,
        "f1-score": 0.9551492473849817,
        "support": 168876
      },
      "accuracy": 0.9165308221888107,
      "macro avg": {
        "precision": 0.9225675785471422,
        "recall": 0.6259677639512666,
        "f1-score": 0.6772329380432882,
        "support": 189555
      },
      "weighted avg": {
        "precision": 0.9175481422921521,
        "recall": 0.9165308221888107,
        "f1-score": 0.8945121619915405,
        "support": 189555
      }
    },
    "Decision Tree": {
      "0": {
        "precision": 0.6474233273197898,
        "recall": 0.3991488950142657,
        "f1-score": 0.4938375014957521,
        "support": 20679
      },
      "1": {
        "precision": 0.9297252355689286,
        "recall": 0.9733828371112532,
        "f1-score": 0.951053280182364,
        "support": 168876
      },
      "accuracy": 0.9107383081427554,
      "macro avg": {
        "precision": 0.7885742814443593,
        "recall": 0.6862658660627594,
        "f1-score": 0.722445390839058,
        "support": 189555
      },
      "weighted avg": {
        "precision": 0.8989282575905903,
        "recall": 0.9107383081427554,
        "f1-score": 0.9011745374034321,
        "support": 189555
      }
    }
  }
  